title,url,price,image_link,User-Agent
Maltz - Pink Tortoise,https://www.glassesshop.com/eyeglasses/fz1370,$29.95,"https://glassesshop-res.cloudinary.com/w_800,h_400,c_pad/products/201907/5d268bd88f69a.jpg","Mozilla/5.0 (Windows NT 10.0; Win64; x64) AppleWebKit/537.36 (KHTML, like Gecko) Chrome/78.0.3904.108 Safari/537.36"
Celestia - Black/Golden,https://www.glassesshop.com/eyeglasses/fm1385,$19.95,"https://glassesshop-res.cloudinary.com/w_800,h_400,c_pad/products/201906/5d031896295ff.jpg","Mozilla/5.0 (Windows NT 10.0; Win64; x64) AppleWebKit/537.36 (KHTML, like Gecko) Chrome/78.0.3904.108 Safari/537.36"
Jinbee - Brown/Multicolor,https://www.glassesshop.com/eyeglasses/fp1903,$19.95,"https://glassesshop-res.cloudinary.com/w_800,h_400,c_pad/products/201905/5ce3ad100f3fe.jpg","Mozilla/5.0 (Windows NT 10.0; Win64; x64) AppleWebKit/537.36 (KHTML, like Gecko) Chrome/78.0.3904.108 Safari/537.36"
Hume - Tortoise/Brown,https://www.glassesshop.com/eyeglasses/fz1297,$29.95,"https://glassesshop-res.cloudinary.com/w_800,h_400,c_pad/products/201901/5c3403881a8fe.jpg","Mozilla/5.0 (Windows NT 10.0; Win64; x64) AppleWebKit/537.36 (KHTML, like Gecko) Chrome/78.0.3904.108 Safari/537.36"
Haggai - Black/Gunmetal,https://www.glassesshop.com/eyeglasses/fp1775,$24.95,"https://glassesshop-res.cloudinary.com/w_800,h_400,c_pad/products/201812/5c0799b9ed90a.jpg","Mozilla/5.0 (Windows NT 10.0; Win64; x64) AppleWebKit/537.36 (KHTML, like Gecko) Chrome/78.0.3904.108 Safari/537.36"
,,,,"Mozilla/5.0 (Windows NT 10.0; Win64; x64) AppleWebKit/537.36 (KHTML, like Gecko) Chrome/78.0.3904.108 Safari/537.36"
Genevieve - Tortoise,https://www.glassesshop.com/eyeglasses/fz1268,$34.95,"https://glassesshop-res.cloudinary.com/w_800,h_400,c_pad/products/201810/5bbc509cc7c07.jpg","Mozilla/5.0 (Windows NT 10.0; Win64; x64) AppleWebKit/537.36 (KHTML, like Gecko) Chrome/78.0.3904.108 Safari/537.36"
Jean - Black,https://www.glassesshop.com/eyeglasses/fp1719,$24.95,"https://glassesshop-res.cloudinary.com/w_800,h_400,c_pad/products/201902/5c7757050ca47.jpg","Mozilla/5.0 (Windows NT 10.0; Win64; x64) AppleWebKit/537.36 (KHTML, like Gecko) Chrome/78.0.3904.108 Safari/537.36"
Mandy - Crystal,https://www.glassesshop.com/eyeglasses/fz1088,$29.95,"https://glassesshop-res.cloudinary.com/w_800,h_400,c_pad/products/201805/5af25c0791bb4.jpg","Mozilla/5.0 (Windows NT 10.0; Win64; x64) AppleWebKit/537.36 (KHTML, like Gecko) Chrome/78.0.3904.108 Safari/537.36"
Omar - Gunmetal,https://www.glassesshop.com/eyeglasses/fm1271,$19.95,"https://glassesshop-res.cloudinary.com/w_800,h_400,c_pad/products/201807/5b4c4d7b98167.jpg","Mozilla/5.0 (Windows NT 10.0; Win64; x64) AppleWebKit/537.36 (KHTML, like Gecko) Chrome/78.0.3904.108 Safari/537.36"
Owen - Blue/Crystal,https://www.glassesshop.com/eyeglasses/fp1649,$19.95,"https://glassesshop-res.cloudinary.com/w_800,h_400,c_pad/products/201908/5d4d18d0e18b7.jpg","Mozilla/5.0 (Windows NT 10.0; Win64; x64) AppleWebKit/537.36 (KHTML, like Gecko) Chrome/78.0.3904.108 Safari/537.36"
Wood - Crystal/Tortoise,https://www.glassesshop.com/eyeglasses/fp1281,$29.95,"https://glassesshop-res.cloudinary.com/w_800,h_400,c_pad/products/201701/587f15a44801d.jpg","Mozilla/5.0 (Windows NT 10.0; Win64; x64) AppleWebKit/537.36 (KHTML, like Gecko) Chrome/78.0.3904.108 Safari/537.36"
Milne - Crystal,https://www.glassesshop.com/eyeglasses/fz1358,$29.95,"https://glassesshop-res.cloudinary.com/w_800,h_400,c_pad/products/201907/5d1dad7e8b665.jpg","Mozilla/5.0 (Windows NT 10.0; Win64; x64) AppleWebKit/537.36 (KHTML, like Gecko) Chrome/78.0.3904.108 Safari/537.36"
Broderick - Black,https://www.glassesshop.com/eyeglasses/sm0877,$29.95,"https://glassesshop-res.cloudinary.com/w_800,h_400,c_pad/products/201901/5c34038823b50.jpg","Mozilla/5.0 (Windows NT 10.0; Win64; x64) AppleWebKit/537.36 (KHTML, like Gecko) Chrome/78.0.3904.108 Safari/537.36"
Vogt - Multicolor,https://www.glassesshop.com/eyeglasses/fz1320,$29.95,"https://glassesshop-res.cloudinary.com/w_800,h_400,c_pad/products/201906/5cf8ca4eb5fb5.jpg","Mozilla/5.0 (Windows NT 10.0; Win64; x64) AppleWebKit/537.36 (KHTML, like Gecko) Chrome/78.0.3904.108 Safari/537.36"
Tacab - Gray,https://www.glassesshop.com/eyeglasses/fp1831,$19.95,"https://glassesshop-res.cloudinary.com/w_800,h_400,c_pad/products/201904/5cb69b5102348.jpg","Mozilla/5.0 (Windows NT 10.0; Win64; x64) AppleWebKit/537.36 (KHTML, like Gecko) Chrome/78.0.3904.108 Safari/537.36"
Evansville - Blue,https://www.glassesshop.com/eyeglasses/fp1364,$19.95,"https://glassesshop-res.cloudinary.com/w_800,h_400,c_pad/products/201808/5b873cb01e9f7.jpg","Mozilla/5.0 (Windows NT 10.0; Win64; x64) AppleWebKit/537.36 (KHTML, like Gecko) Chrome/78.0.3904.108 Safari/537.36"
Horatio - Gunmetal,https://www.glassesshop.com/eyeglasses/sm0876,$19.95,"https://glassesshop-res.cloudinary.com/w_800,h_400,c_pad/products/201812/5c24368513a4f.jpg","Mozilla/5.0 (Windows NT 10.0; Win64; x64) AppleWebKit/537.36 (KHTML, like Gecko) Chrome/78.0.3904.108 Safari/537.36"
Winchester - MBlack,https://www.glassesshop.com/eyeglasses/fp1771,$19.95,"https://glassesshop-res.cloudinary.com/w_800,h_400,c_pad/products/201809/5bac31dd1506f.jpg","Mozilla/5.0 (Windows NT 10.0; Win64; x64) AppleWebKit/537.36 (KHTML, like Gecko) Chrome/78.0.3904.108 Safari/537.36"
Pete - Crystal,https://www.glassesshop.com/eyeglasses/fz1208,$39.95,"https://glassesshop-res.cloudinary.com/w_800,h_400,c_pad/products/201807/5b4c5f6565a61.jpg","Mozilla/5.0 (Windows NT 10.0; Win64; x64) AppleWebKit/537.36 (KHTML, like Gecko) Chrome/78.0.3904.108 Safari/537.36"
Isaiah - Tortoise,https://www.glassesshop.com/eyeglasses/fp1643,$19.95,"https://glassesshop-res.cloudinary.com/w_800,h_400,c_pad/products/201805/5afe7e88af2fc.jpg","Mozilla/5.0 (Windows NT 10.0; Win64; x64) AppleWebKit/537.36 (KHTML, like Gecko) Chrome/78.0.3904.108 Safari/537.36"
Cooksville - Tortoise,https://www.glassesshop.com/eyeglasses/fp1568,$24.95,"https://glassesshop-res.cloudinary.com/w_800,h_400,c_pad/products/201803/5ab495a47a944.jpg","Mozilla/5.0 (Windows NT 10.0; Win64; x64) AppleWebKit/537.36 (KHTML, like Gecko) Chrome/78.0.3904.108 Safari/537.36"
Prince - Tortoise,https://www.glassesshop.com/eyeglasses/fp1438,$19.95,"https://glassesshop-res.cloudinary.com/w_800,h_400,c_pad/products/201711/59fd646d8b5e8.jpg","Mozilla/5.0 (Windows NT 10.0; Win64; x64) AppleWebKit/537.36 (KHTML, like Gecko) Chrome/78.0.3904.108 Safari/537.36"
Callan - Black,https://www.glassesshop.com/eyeglasses/fp0985,$19.95,"https://glassesshop-res.cloudinary.com/w_800,h_400,c_pad/products/201703/58dcb61d82aea.jpg","Mozilla/5.0 (Windows NT 10.0; Win64; x64) AppleWebKit/537.36 (KHTML, like Gecko) Chrome/78.0.3904.108 Safari/537.36"
Lizzie - Black/Silver,https://www.glassesshop.com/eyeglasses/fp1935,$24.95,"https://glassesshop-res.cloudinary.com/w_800,h_400,c_pad/products/201908/5d4d19331a49d.jpg","Mozilla/5.0 (Windows NT 10.0; Win64; x64) AppleWebKit/537.36 (KHTML, like Gecko) Chrome/78.0.3904.108 Safari/537.36"
Bobosa - Pink/Tortoise,https://www.glassesshop.com/eyeglasses/fz1375,$29.95,"https://glassesshop-res.cloudinary.com/w_800,h_400,c_pad/products/201907/5d2d2660a22b3.jpg","Mozilla/5.0 (Windows NT 10.0; Win64; x64) AppleWebKit/537.36 (KHTML, like Gecko) Chrome/78.0.3904.108 Safari/537.36"
Marlowe - Rose Gold,https://www.glassesshop.com/eyeglasses/sup0711,$19.95,"https://glassesshop-res.cloudinary.com/w_800,h_400,c_pad/products/201907/5d268bd89da12.jpg","Mozilla/5.0 (Windows NT 10.0; Win64; x64) AppleWebKit/537.36 (KHTML, like Gecko) Chrome/78.0.3904.108 Safari/537.36"
Kerlins - Multicolor,https://www.glassesshop.com/eyeglasses/sup0658,$29.95,"https://glassesshop-res.cloudinary.com/w_800,h_400,c_pad/products/201905/5ccf9668d1b8c.jpg","Mozilla/5.0 (Windows NT 10.0; Win64; x64) AppleWebKit/537.36 (KHTML, like Gecko) Chrome/78.0.3904.108 Safari/537.36"
Averies - Mblack,https://www.glassesshop.com/eyeglasses/fp1830,$19.95,"https://glassesshop-res.cloudinary.com/w_800,h_400,c_pad/products/201904/5cb69b4231106.jpg","Mozilla/5.0 (Windows NT 10.0; Win64; x64) AppleWebKit/537.36 (KHTML, like Gecko) Chrome/78.0.3904.108 Safari/537.36"
Hume - Black,https://www.glassesshop.com/eyeglasses/fz1299,$29.95,"https://glassesshop-res.cloudinary.com/w_800,h_400,c_pad/products/201901/5c340388202fb.jpg","Mozilla/5.0 (Windows NT 10.0; Win64; x64) AppleWebKit/537.36 (KHTML, like Gecko) Chrome/78.0.3904.108 Safari/537.36"
Hume - Brown/Crystal,https://www.glassesshop.com/eyeglasses/fz1298,$29.95,"https://glassesshop-res.cloudinary.com/w_800,h_400,c_pad/products/201901/5c3403881d955.jpg","Mozilla/5.0 (Windows NT 10.0; Win64; x64) AppleWebKit/537.36 (KHTML, like Gecko) Chrome/78.0.3904.108 Safari/537.36"
Arlene - Purple,https://www.glassesshop.com/eyeglasses/fp1764,$24.95,"https://glassesshop-res.cloudinary.com/w_800,h_400,c_pad/products/201808/5b7e0ee2975f3.jpg","Mozilla/5.0 (Windows NT 10.0; Win64; x64) AppleWebKit/537.36 (KHTML, like Gecko) Chrome/78.0.3904.108 Safari/537.36"
Dylan - Gray,https://www.glassesshop.com/eyeglasses/fp1637,$29.95,"https://glassesshop-res.cloudinary.com/w_800,h_400,c_pad/products/201805/5afe7e536749c.jpg","Mozilla/5.0 (Windows NT 10.0; Win64; x64) AppleWebKit/537.36 (KHTML, like Gecko) Chrome/78.0.3904.108 Safari/537.36"
Cecilia - Black/Red,https://www.glassesshop.com/eyeglasses/fp1913,$29.95,"https://glassesshop-res.cloudinary.com/w_800,h_400,c_pad/products/201906/5d0318964c8a2.jpg","Mozilla/5.0 (Windows NT 10.0; Win64; x64) AppleWebKit/537.36 (KHTML, like Gecko) Chrome/78.0.3904.108 Safari/537.36"
Tacab - Purple,https://www.glassesshop.com/eyeglasses/fp1834,$19.95,"https://glassesshop-res.cloudinary.com/w_800,h_400,c_pad/products/201904/5cb69b510ef0c.jpg","Mozilla/5.0 (Windows NT 10.0; Win64; x64) AppleWebKit/537.36 (KHTML, like Gecko) Chrome/78.0.3904.108 Safari/537.36"
Genevieve - Purple Tortoise,https://www.glassesshop.com/eyeglasses/fz1269,$34.95,"https://glassesshop-res.cloudinary.com/w_800,h_400,c_pad/products/201810/5bbc509cca408.jpg","Mozilla/5.0 (Windows NT 10.0; Win64; x64) AppleWebKit/537.36 (KHTML, like Gecko) Chrome/78.0.3904.108 Safari/537.36"
Winchester - Blue,https://www.glassesshop.com/eyeglasses/fp1773,$19.95,"https://glassesshop-res.cloudinary.com/w_800,h_400,c_pad/products/201809/5bac31dd1a36c.jpg","Mozilla/5.0 (Windows NT 10.0; Win64; x64) AppleWebKit/537.36 (KHTML, like Gecko) Chrome/78.0.3904.108 Safari/537.36"
Winchester - Tortoise,https://www.glassesshop.com/eyeglasses/fp1770,$19.95,"https://glassesshop-res.cloudinary.com/w_800,h_400,c_pad/products/201809/5bac31dd12811.jpg","Mozilla/5.0 (Windows NT 10.0; Win64; x64) AppleWebKit/537.36 (KHTML, like Gecko) Chrome/78.0.3904.108 Safari/537.36"
Audrey - Black,https://www.glassesshop.com/eyeglasses/fp1765,$24.95,"https://glassesshop-res.cloudinary.com/w_800,h_400,c_pad/products/201808/5b7e0ee299d9f.jpg","Mozilla/5.0 (Windows NT 10.0; Win64; x64) AppleWebKit/537.36 (KHTML, like Gecko) Chrome/78.0.3904.108 Safari/537.36"
Murphy - Black,https://www.glassesshop.com/eyeglasses/fp1746,$39.95,"https://glassesshop-res.cloudinary.com/w_800,h_400,c_pad/products/201811/5bebc0387547c.jpg","Mozilla/5.0 (Windows NT 10.0; Win64; x64) AppleWebKit/537.36 (KHTML, like Gecko) Chrome/78.0.3904.108 Safari/537.36"
Rainbow - Multicolor,https://www.glassesshop.com/eyeglasses/fp1658,"
                                        ","https://glassesshop-res.cloudinary.com/w_800,h_400,c_pad/products/201806/5b10dfd765cde.jpg","Mozilla/5.0 (Windows NT 10.0; Win64; x64) AppleWebKit/537.36 (KHTML, like Gecko) Chrome/78.0.3904.108 Safari/537.36"
Isaiah - Blue,https://www.glassesshop.com/eyeglasses/fp1642,$19.95,"https://glassesshop-res.cloudinary.com/w_800,h_400,c_pad/products/201910/5db26823a6070.jpg","Mozilla/5.0 (Windows NT 10.0; Win64; x64) AppleWebKit/537.36 (KHTML, like Gecko) Chrome/78.0.3904.108 Safari/537.36"
Agnes - Purple,https://www.glassesshop.com/eyeglasses/fp1615,$19.95,"https://glassesshop-res.cloudinary.com/w_800,h_400,c_pad/products/201805/5afe7cfbc9f87.jpg","Mozilla/5.0 (Windows NT 10.0; Win64; x64) AppleWebKit/537.36 (KHTML, like Gecko) Chrome/78.0.3904.108 Safari/537.36"
Joyce - Brown,https://www.glassesshop.com/eyeglasses/fp1504,$12.95,"https://glassesshop-res.cloudinary.com/w_800,h_400,c_pad/products/201712/5a2f936dd2b85.jpg","Mozilla/5.0 (Windows NT 10.0; Win64; x64) AppleWebKit/537.36 (KHTML, like Gecko) Chrome/78.0.3904.108 Safari/537.36"
Celeste - Black,https://www.glassesshop.com/eyeglasses/fp1180,$19.95,"https://glassesshop-res.cloudinary.com/w_800,h_400,c_pad/products/201805/5afb93dbb0fb9.jpg","Mozilla/5.0 (Windows NT 10.0; Win64; x64) AppleWebKit/537.36 (KHTML, like Gecko) Chrome/78.0.3904.108 Safari/537.36"
Sudbury - Black,https://www.glassesshop.com/eyeglasses/fp0611,"
                                        ","https://glassesshop-res.cloudinary.com/w_800,h_400,c_pad/products/201703/58dcb60839138.jpg","Mozilla/5.0 (Windows NT 10.0; Win64; x64) AppleWebKit/537.36 (KHTML, like Gecko) Chrome/78.0.3904.108 Safari/537.36"
Lizzie - Black/Golden,https://www.glassesshop.com/eyeglasses/fp1934,$24.95,"https://glassesshop-res.cloudinary.com/w_800,h_400,c_pad/products/201908/5d4d192d3dc32.jpg","Mozilla/5.0 (Windows NT 10.0; Win64; x64) AppleWebKit/537.36 (KHTML, like Gecko) Chrome/78.0.3904.108 Safari/537.36"
Bloor - Purple,https://www.glassesshop.com/eyeglasses/fp1920,$12.95,"https://glassesshop-res.cloudinary.com/w_800,h_400,c_pad/products/201908/5d4d18eee5210.jpg","Mozilla/5.0 (Windows NT 10.0; Win64; x64) AppleWebKit/537.36 (KHTML, like Gecko) Chrome/78.0.3904.108 Safari/537.36"
Ophelia - Black,https://www.glassesshop.com/eyeglasses/sup0702,$29.95,"https://glassesshop-res.cloudinary.com/w_800,h_400,c_pad/products/201906/5cff70bbf1bf9.jpg","Mozilla/5.0 (Windows NT 10.0; Win64; x64) AppleWebKit/537.36 (KHTML, like Gecko) Chrome/78.0.3904.108 Safari/537.36"
Defender - Mblack,https://www.glassesshop.com/eyeglasses/fp1872,$29.95,"https://glassesshop-res.cloudinary.com/w_800,h_400,c_pad/products/201904/5cc16d558bb08.jpg","Mozilla/5.0 (Windows NT 10.0; Win64; x64) AppleWebKit/537.36 (KHTML, like Gecko) Chrome/78.0.3904.108 Safari/537.36"
Tacab - Red,https://www.glassesshop.com/eyeglasses/fp1832,$19.95,"https://glassesshop-res.cloudinary.com/w_800,h_400,c_pad/products/201904/5cb69b5107170.jpg","Mozilla/5.0 (Windows NT 10.0; Win64; x64) AppleWebKit/537.36 (KHTML, like Gecko) Chrome/78.0.3904.108 Safari/537.36"
Averies - Blue,https://www.glassesshop.com/eyeglasses/fp1829,$19.95,"https://glassesshop-res.cloudinary.com/w_800,h_400,c_pad/products/201904/5cb69b422b034.jpg","Mozilla/5.0 (Windows NT 10.0; Win64; x64) AppleWebKit/537.36 (KHTML, like Gecko) Chrome/78.0.3904.108 Safari/537.36"
Buttler - Black,https://www.glassesshop.com/eyeglasses/fp1841,$19.95,"https://glassesshop-res.cloudinary.com/w_800,h_400,c_pad/products/201904/5cb69b512d7b0.jpg","Mozilla/5.0 (Windows NT 10.0; Win64; x64) AppleWebKit/537.36 (KHTML, like Gecko) Chrome/78.0.3904.108 Safari/537.36"
Binghamton - Brown,https://www.glassesshop.com/eyeglasses/fp1812,"
                                        ","https://glassesshop-res.cloudinary.com/w_800,h_400,c_pad/products/201910/5db296d9b7131.jpg","Mozilla/5.0 (Windows NT 10.0; Win64; x64) AppleWebKit/537.36 (KHTML, like Gecko) Chrome/78.0.3904.108 Safari/537.36"
Binghamton - Blue,https://www.glassesshop.com/eyeglasses/fp1811,$19.95,"https://glassesshop-res.cloudinary.com/w_800,h_400,c_pad/products/201910/5db296d2d588a.jpg","Mozilla/5.0 (Windows NT 10.0; Win64; x64) AppleWebKit/537.36 (KHTML, like Gecko) Chrome/78.0.3904.108 Safari/537.36"
Utica - Green,https://www.glassesshop.com/eyeglasses/fp1801,$19.95,"https://glassesshop-res.cloudinary.com/w_800,h_400,c_pad/products/201903/5c99cd423e367.jpg","Mozilla/5.0 (Windows NT 10.0; Win64; x64) AppleWebKit/537.36 (KHTML, like Gecko) Chrome/78.0.3904.108 Safari/537.36"
Utica - Tortoise,https://www.glassesshop.com/eyeglasses/fp1800,$19.95,"https://glassesshop-res.cloudinary.com/w_800,h_400,c_pad/products/201903/5c99cd423b5ad.jpg","Mozilla/5.0 (Windows NT 10.0; Win64; x64) AppleWebKit/537.36 (KHTML, like Gecko) Chrome/78.0.3904.108 Safari/537.36"
GrandRapids - Matte Black,https://www.glassesshop.com/eyeglasses/sup0617,$29.95,"https://glassesshop-res.cloudinary.com/w_800,h_400,c_pad/products/201903/5c99cd82e1c12.jpg","Mozilla/5.0 (Windows NT 10.0; Win64; x64) AppleWebKit/537.36 (KHTML, like Gecko) Chrome/78.0.3904.108 Safari/537.36"
Hawthorn - Gunmetal,https://www.glassesshop.com/eyeglasses/fm1350,$29.95,"https://glassesshop-res.cloudinary.com/w_800,h_400,c_pad/products/201812/5c24367442e3f.jpg","Mozilla/5.0 (Windows NT 10.0; Win64; x64) AppleWebKit/537.36 (KHTML, like Gecko) Chrome/78.0.3904.108 Safari/537.36"
Finn - Tortoise/Pink,https://www.glassesshop.com/eyeglasses/fz1282,$29.95,"https://glassesshop-res.cloudinary.com/w_800,h_400,c_pad/products/201811/5be91fb010cbc.jpg","Mozilla/5.0 (Windows NT 10.0; Win64; x64) AppleWebKit/537.36 (KHTML, like Gecko) Chrome/78.0.3904.108 Safari/537.36"
Murphy - Tortoise,https://www.glassesshop.com/eyeglasses/fp1747,$39.95,"https://glassesshop-res.cloudinary.com/w_800,h_400,c_pad/products/201807/5b5fc22e9933f.jpg","Mozilla/5.0 (Windows NT 10.0; Win64; x64) AppleWebKit/537.36 (KHTML, like Gecko) Chrome/78.0.3904.108 Safari/537.36"
Pete - Tortoise,https://www.glassesshop.com/eyeglasses/fz1207,$29.95,"https://glassesshop-res.cloudinary.com/w_800,h_400,c_pad/products/201807/5b4c5f5d54841.jpg","Mozilla/5.0 (Windows NT 10.0; Win64; x64) AppleWebKit/537.36 (KHTML, like Gecko) Chrome/78.0.3904.108 Safari/537.36"
Felix - Black,https://www.glassesshop.com/eyeglasses/fp1724,"
                                        ","https://glassesshop-res.cloudinary.com/w_800,h_400,c_pad/products/201807/5b3dcfdb8dcd4.jpg","Mozilla/5.0 (Windows NT 10.0; Win64; x64) AppleWebKit/537.36 (KHTML, like Gecko) Chrome/78.0.3904.108 Safari/537.36"
Ben - Black,https://www.glassesshop.com/eyeglasses/fp1722,$39.95,"https://glassesshop-res.cloudinary.com/w_800,h_400,c_pad/products/201807/5b3dcfcc49a86.jpg","Mozilla/5.0 (Windows NT 10.0; Win64; x64) AppleWebKit/537.36 (KHTML, like Gecko) Chrome/78.0.3904.108 Safari/537.36"
Enoch - Black,https://www.glassesshop.com/eyeglasses/fz1158,$29.95,"https://glassesshop-res.cloudinary.com/w_800,h_400,c_pad/products/201805/5b0fae276f84e.jpg","Mozilla/5.0 (Windows NT 10.0; Win64; x64) AppleWebKit/537.36 (KHTML, like Gecko) Chrome/78.0.3904.108 Safari/537.36"
Heather - Brown,https://www.glassesshop.com/eyeglasses/fp1704,$29.95,"https://glassesshop-res.cloudinary.com/w_800,h_400,c_pad/products/201805/5b03bbe0add06.jpg","Mozilla/5.0 (Windows NT 10.0; Win64; x64) AppleWebKit/537.36 (KHTML, like Gecko) Chrome/78.0.3904.108 Safari/537.36"
Novia - Black/Crystal,https://www.glassesshop.com/eyeglasses/fp1697,$19.95,"https://glassesshop-res.cloudinary.com/w_800,h_400,c_pad/products/201805/5b03beaa13479.jpg","Mozilla/5.0 (Windows NT 10.0; Win64; x64) AppleWebKit/537.36 (KHTML, like Gecko) Chrome/78.0.3904.108 Safari/537.36"
Owen - Black/Crystal,https://www.glassesshop.com/eyeglasses/fp1650,$19.95,"https://glassesshop-res.cloudinary.com/w_800,h_400,c_pad/products/201805/5afe7ec7e357d.jpg","Mozilla/5.0 (Windows NT 10.0; Win64; x64) AppleWebKit/537.36 (KHTML, like Gecko) Chrome/78.0.3904.108 Safari/537.36"
Angel  Wayframe - Brown,https://www.glassesshop.com/eyeglasses/fp1647,$19.95,"https://glassesshop-res.cloudinary.com/w_800,h_400,c_pad/products/201805/5afe7eacbb789.jpg","Mozilla/5.0 (Windows NT 10.0; Win64; x64) AppleWebKit/537.36 (KHTML, like Gecko) Chrome/78.0.3904.108 Safari/537.36"
Derrick - Black/Golden,https://www.glassesshop.com/eyeglasses/fp1661,$24.95,"https://glassesshop-res.cloudinary.com/w_800,h_400,c_pad/products/201805/5af16009d7b28.jpg","Mozilla/5.0 (Windows NT 10.0; Win64; x64) AppleWebKit/537.36 (KHTML, like Gecko) Chrome/78.0.3904.108 Safari/537.36"
Buffalo - Black,https://www.glassesshop.com/eyeglasses/fp1560,$24.95,"https://glassesshop-res.cloudinary.com/w_800,h_400,c_pad/products/201801/5a6581ecbd7f1.jpg","Mozilla/5.0 (Windows NT 10.0; Win64; x64) AppleWebKit/537.36 (KHTML, like Gecko) Chrome/78.0.3904.108 Safari/537.36"
Darcy - Black,https://www.glassesshop.com/eyeglasses/sm0787,$19.95,"https://glassesshop-res.cloudinary.com/w_800,h_400,c_pad/products/201811/5bff5bf283882.jpg","Mozilla/5.0 (Windows NT 10.0; Win64; x64) AppleWebKit/537.36 (KHTML, like Gecko) Chrome/78.0.3904.108 Safari/537.36"
Buckeye - Pink,https://www.glassesshop.com/eyeglasses/fz1094,$29.95,"https://glassesshop-res.cloudinary.com/w_800,h_400,c_pad/products/201811/5bff5bf27139c.jpg","Mozilla/5.0 (Windows NT 10.0; Win64; x64) AppleWebKit/537.36 (KHTML, like Gecko) Chrome/78.0.3904.108 Safari/537.36"
Coolidge - Crystal/White,https://www.glassesshop.com/eyeglasses/fp1169,$29.95,"https://glassesshop-res.cloudinary.com/w_800,h_400,c_pad/products/201702/58ae78f2551e5.jpg","Mozilla/5.0 (Windows NT 10.0; Win64; x64) AppleWebKit/537.36 (KHTML, like Gecko) Chrome/78.0.3904.108 Safari/537.36"
Terre - Golden,https://www.glassesshop.com/eyeglasses/rm0247,$32.95,"https://glassesshop-res.cloudinary.com/w_800,h_400,c_pad/products/201703/58c7556ccda85.jpg","Mozilla/5.0 (Windows NT 10.0; Win64; x64) AppleWebKit/537.36 (KHTML, like Gecko) Chrome/78.0.3904.108 Safari/537.36"
Hyannis - Tortoise,https://www.glassesshop.com/eyeglasses/fp1112,$29.95,"https://glassesshop-res.cloudinary.com/w_800,h_400,c_pad/products/201710/59e55c87434bb.jpg","Mozilla/5.0 (Windows NT 10.0; Win64; x64) AppleWebKit/537.36 (KHTML, like Gecko) Chrome/78.0.3904.108 Safari/537.36"
Hillsborough - Black/Chocolate,https://www.glassesshop.com/eyeglasses/fp0989,$19.95,"https://glassesshop-res.cloudinary.com/w_800,h_400,c_pad/products/201808/5b873cb01adee.jpg","Mozilla/5.0 (Windows NT 10.0; Win64; x64) AppleWebKit/537.36 (KHTML, like Gecko) Chrome/78.0.3904.108 Safari/537.36"
Bronti - Black,https://www.glassesshop.com/eyeglasses/fp1927,$12.95,"https://glassesshop-res.cloudinary.com/w_800,h_400,c_pad/products/201908/5d4d190dacad9.jpg","Mozilla/5.0 (Windows NT 10.0; Win64; x64) AppleWebKit/537.36 (KHTML, like Gecko) Chrome/78.0.3904.108 Safari/537.36"
Brewster - Blue,https://www.glassesshop.com/eyeglasses/fp1925,"
                                        ","https://glassesshop-res.cloudinary.com/w_800,h_400,c_pad/products/201912/5de9b8b2367d0.jpg","Mozilla/5.0 (Windows NT 10.0; Win64; x64) AppleWebKit/537.36 (KHTML, like Gecko) Chrome/78.0.3904.108 Safari/537.36"
Nodia - Black,https://www.glassesshop.com/eyeglasses/sup0700,$29.95,"https://glassesshop-res.cloudinary.com/w_800,h_400,c_pad/products/201906/5cff70bbe91a2.jpg","Mozilla/5.0 (Windows NT 10.0; Win64; x64) AppleWebKit/537.36 (KHTML, like Gecko) Chrome/78.0.3904.108 Safari/537.36"
Jinbee - Brown/Multicolor,https://www.glassesshop.com/eyeglasses/fp1903,$19.95,"https://glassesshop-res.cloudinary.com/w_800,h_400,c_pad/products/201905/5ce3ad100f3fe.jpg","Mozilla/5.0 (Windows NT 10.0; Win64; x64) AppleWebKit/537.36 (KHTML, like Gecko) Chrome/78.0.3904.108 Safari/537.36"
Rusa - Purple,https://www.glassesshop.com/eyeglasses/sup0677,$19.95,"https://glassesshop-res.cloudinary.com/w_800,h_400,c_pad/products/201905/5cd397d084be6.jpg","Mozilla/5.0 (Windows NT 10.0; Win64; x64) AppleWebKit/537.36 (KHTML, like Gecko) Chrome/78.0.3904.108 Safari/537.36"
Smedley - Black/Golden,https://www.glassesshop.com/eyeglasses/sup0645,$29.95,"https://glassesshop-res.cloudinary.com/w_800,h_400,c_pad/products/201904/5cc2bffdced2a.jpg","Mozilla/5.0 (Windows NT 10.0; Win64; x64) AppleWebKit/537.36 (KHTML, like Gecko) Chrome/78.0.3904.108 Safari/537.36"
Husk - Purple,https://www.glassesshop.com/eyeglasses/fp1837,$19.95,"https://glassesshop-res.cloudinary.com/w_800,h_400,c_pad/products/201904/5cb69b511b3c1.jpg","Mozilla/5.0 (Windows NT 10.0; Win64; x64) AppleWebKit/537.36 (KHTML, like Gecko) Chrome/78.0.3904.108 Safari/537.36"
Husk - Lavender,https://www.glassesshop.com/eyeglasses/fp1836,$19.95,"https://glassesshop-res.cloudinary.com/w_800,h_400,c_pad/products/201904/5cb69b5116ee3.jpg","Mozilla/5.0 (Windows NT 10.0; Win64; x64) AppleWebKit/537.36 (KHTML, like Gecko) Chrome/78.0.3904.108 Safari/537.36"
Tacab - Black,https://www.glassesshop.com/eyeglasses/fp1833,$19.95,"https://glassesshop-res.cloudinary.com/w_800,h_400,c_pad/products/201904/5cb69b510b4ee.jpg","Mozilla/5.0 (Windows NT 10.0; Win64; x64) AppleWebKit/537.36 (KHTML, like Gecko) Chrome/78.0.3904.108 Safari/537.36"
Durand - Black,https://www.glassesshop.com/eyeglasses/fp1815,"
                                        ","https://glassesshop-res.cloudinary.com/w_800,h_400,c_pad/products/201904/5cb69b41cfef3.jpg","Mozilla/5.0 (Windows NT 10.0; Win64; x64) AppleWebKit/537.36 (KHTML, like Gecko) Chrome/78.0.3904.108 Safari/537.36"
Watertown - Red,https://www.glassesshop.com/eyeglasses/fp1805,$19.95,"https://glassesshop-res.cloudinary.com/w_800,h_400,c_pad/products/201903/5c99cd4246eda.jpg","Mozilla/5.0 (Windows NT 10.0; Win64; x64) AppleWebKit/537.36 (KHTML, like Gecko) Chrome/78.0.3904.108 Safari/537.36"
Newark - Rose Gold,https://www.glassesshop.com/eyeglasses/fm1370,$24.95,"https://glassesshop-res.cloudinary.com/w_800,h_400,c_pad/products/201903/5c99cd28256d5.jpg","Mozilla/5.0 (Windows NT 10.0; Win64; x64) AppleWebKit/537.36 (KHTML, like Gecko) Chrome/78.0.3904.108 Safari/537.36"
Huggins - Rose Gold,https://www.glassesshop.com/eyeglasses/ft0276,$39.95,"https://glassesshop-res.cloudinary.com/w_800,h_400,c_pad/products/201901/5c3403880ae30.jpg","Mozilla/5.0 (Windows NT 10.0; Win64; x64) AppleWebKit/537.36 (KHTML, like Gecko) Chrome/78.0.3904.108 Safari/537.36"
Hood - Tortoise,https://www.glassesshop.com/eyeglasses/fz1290,$34.95,"https://glassesshop-res.cloudinary.com/w_800,h_400,c_pad/products/201812/5c243684d6f9d.jpg","Mozilla/5.0 (Windows NT 10.0; Win64; x64) AppleWebKit/537.36 (KHTML, like Gecko) Chrome/78.0.3904.108 Safari/537.36"
Haywood - Black/Rose Gold,https://www.glassesshop.com/eyeglasses/fm1354,$29.95,"https://glassesshop-res.cloudinary.com/w_800,h_400,c_pad/products/201812/5c2436744ec7f.jpg","Mozilla/5.0 (Windows NT 10.0; Win64; x64) AppleWebKit/537.36 (KHTML, like Gecko) Chrome/78.0.3904.108 Safari/537.36"
Haywood - Gunmetal,https://www.glassesshop.com/eyeglasses/fm1352,$29.95,"https://glassesshop-res.cloudinary.com/w_800,h_400,c_pad/products/201812/5c243674485c6.jpg","Mozilla/5.0 (Windows NT 10.0; Win64; x64) AppleWebKit/537.36 (KHTML, like Gecko) Chrome/78.0.3904.108 Safari/537.36"
Haggai - Black/Gunmetal,https://www.glassesshop.com/eyeglasses/fp1775,$24.95,"https://glassesshop-res.cloudinary.com/w_800,h_400,c_pad/products/201812/5c0799b9ed90a.jpg","Mozilla/5.0 (Windows NT 10.0; Win64; x64) AppleWebKit/537.36 (KHTML, like Gecko) Chrome/78.0.3904.108 Safari/537.36"
Gracie - Black/Golden,https://www.glassesshop.com/eyeglasses/fm1333,$29.95,"https://glassesshop-res.cloudinary.com/w_800,h_400,c_pad/products/201811/5bf5215f06899.jpg","Mozilla/5.0 (Windows NT 10.0; Win64; x64) AppleWebKit/537.36 (KHTML, like Gecko) Chrome/78.0.3904.108 Safari/537.36"
Gaskell - Gunmetal,https://www.glassesshop.com/eyeglasses/sup0567,$29.95,"https://glassesshop-res.cloudinary.com/w_800,h_400,c_pad/products/201811/5be91fb063b10.jpg","Mozilla/5.0 (Windows NT 10.0; Win64; x64) AppleWebKit/537.36 (KHTML, like Gecko) Chrome/78.0.3904.108 Safari/537.36"
Giles - Brown,https://www.glassesshop.com/eyeglasses/sup0563,$29.95,"https://glassesshop-res.cloudinary.com/w_800,h_400,c_pad/products/201811/5be91fb057e5d.jpg","Mozilla/5.0 (Windows NT 10.0; Win64; x64) AppleWebKit/537.36 (KHTML, like Gecko) Chrome/78.0.3904.108 Safari/537.36"
Ezekiel - Burgundy,https://www.glassesshop.com/eyeglasses/fz1278,$29.95,"https://glassesshop-res.cloudinary.com/w_800,h_400,c_pad/products/201810/5bbc50f66304b.jpg","Mozilla/5.0 (Windows NT 10.0; Win64; x64) AppleWebKit/537.36 (KHTML, like Gecko) Chrome/78.0.3904.108 Safari/537.36"
Gill - Floral,https://www.glassesshop.com/eyeglasses/fz1276,$29.95,"https://glassesshop-res.cloudinary.com/w_800,h_400,c_pad/products/201810/5bbc50f65d9e5.jpg","Mozilla/5.0 (Windows NT 10.0; Win64; x64) AppleWebKit/537.36 (KHTML, like Gecko) Chrome/78.0.3904.108 Safari/537.36"
Dinah - Red/Purple,https://www.glassesshop.com/eyeglasses/fz1256,$29.95,"https://glassesshop-res.cloudinary.com/w_800,h_400,c_pad/products/201810/5bbc4f1b255af.jpg","Mozilla/5.0 (Windows NT 10.0; Win64; x64) AppleWebKit/537.36 (KHTML, like Gecko) Chrome/78.0.3904.108 Safari/537.36"
Ulysses - Crystal,https://www.glassesshop.com/eyeglasses/fp1769,$19.95,"https://glassesshop-res.cloudinary.com/w_800,h_400,c_pad/products/201809/5bac31dd101d6.jpg","Mozilla/5.0 (Windows NT 10.0; Win64; x64) AppleWebKit/537.36 (KHTML, like Gecko) Chrome/78.0.3904.108 Safari/537.36"
Xavier - Black,https://www.glassesshop.com/eyeglasses/sup0527,$29.95,"https://glassesshop-res.cloudinary.com/w_800,h_400,c_pad/products/201808/5b7283c733121.jpg","Mozilla/5.0 (Windows NT 10.0; Win64; x64) AppleWebKit/537.36 (KHTML, like Gecko) Chrome/78.0.3904.108 Safari/537.36"
Roy - Red,https://www.glassesshop.com/eyeglasses/fz1206,$34.95,"https://glassesshop-res.cloudinary.com/w_800,h_400,c_pad/products/201807/5b4db881b7d9e.jpg","Mozilla/5.0 (Windows NT 10.0; Win64; x64) AppleWebKit/537.36 (KHTML, like Gecko) Chrome/78.0.3904.108 Safari/537.36"
Otis - Tortoise,https://www.glassesshop.com/eyeglasses/fp1743,$19.95,"https://glassesshop-res.cloudinary.com/w_800,h_400,c_pad/products/201807/5b4c4e3e1db37.jpg","Mozilla/5.0 (Windows NT 10.0; Win64; x64) AppleWebKit/537.36 (KHTML, like Gecko) Chrome/78.0.3904.108 Safari/537.36"
Otis - Black,https://www.glassesshop.com/eyeglasses/fp1742,$19.95,"https://glassesshop-res.cloudinary.com/w_800,h_400,c_pad/products/201807/5b4c4e365c7ab.jpg","Mozilla/5.0 (Windows NT 10.0; Win64; x64) AppleWebKit/537.36 (KHTML, like Gecko) Chrome/78.0.3904.108 Safari/537.36"
Oswald - Gray,https://www.glassesshop.com/eyeglasses/fp1740,$19.95,"https://glassesshop-res.cloudinary.com/w_800,h_400,c_pad/products/201807/5b4c4e27147a9.jpg","Mozilla/5.0 (Windows NT 10.0; Win64; x64) AppleWebKit/537.36 (KHTML, like Gecko) Chrome/78.0.3904.108 Safari/537.36"
Omar - Black,https://www.glassesshop.com/eyeglasses/fm1269,$19.95,"https://glassesshop-res.cloudinary.com/w_800,h_400,c_pad/products/201807/5b4c4d6c9cb81.jpg","Mozilla/5.0 (Windows NT 10.0; Win64; x64) AppleWebKit/537.36 (KHTML, like Gecko) Chrome/78.0.3904.108 Safari/537.36"
Grover - Black,https://www.glassesshop.com/eyeglasses/fp1730,$34.95,"https://glassesshop-res.cloudinary.com/w_800,h_400,c_pad/products/201807/5b3dd02194eeb.jpg","Mozilla/5.0 (Windows NT 10.0; Win64; x64) AppleWebKit/537.36 (KHTML, like Gecko) Chrome/78.0.3904.108 Safari/537.36"
Dove - Tortoise,https://www.glassesshop.com/eyeglasses/fp1727,$34.95,"https://glassesshop-res.cloudinary.com/w_800,h_400,c_pad/products/201807/5b3dcff30c19c.jpg","Mozilla/5.0 (Windows NT 10.0; Win64; x64) AppleWebKit/537.36 (KHTML, like Gecko) Chrome/78.0.3904.108 Safari/537.36"
Dove - Black,https://www.glassesshop.com/eyeglasses/fp1726,$34.95,"https://glassesshop-res.cloudinary.com/w_800,h_400,c_pad/products/201807/5b3dcfeb7bc2f.jpg","Mozilla/5.0 (Windows NT 10.0; Win64; x64) AppleWebKit/537.36 (KHTML, like Gecko) Chrome/78.0.3904.108 Safari/537.36"
Earl - Black/Blue,https://www.glassesshop.com/eyeglasses/fp1664,$19.95,"https://glassesshop-res.cloudinary.com/w_800,h_400,c_pad/products/201806/5b10e0017183c.jpg","Mozilla/5.0 (Windows NT 10.0; Win64; x64) AppleWebKit/537.36 (KHTML, like Gecko) Chrome/78.0.3904.108 Safari/537.36"
Cowper - Black,https://www.glassesshop.com/eyeglasses/sm0833,$34.95,"https://glassesshop-res.cloudinary.com/w_800,h_400,c_pad/products/201805/5b0518b21b35b.jpg","Mozilla/5.0 (Windows NT 10.0; Win64; x64) AppleWebKit/537.36 (KHTML, like Gecko) Chrome/78.0.3904.108 Safari/537.36"
Jean - Tortoise,https://www.glassesshop.com/eyeglasses/fp1718,$19.95,"https://glassesshop-res.cloudinary.com/w_800,h_400,c_pad/products/201805/5b03bc7688e76.jpg","Mozilla/5.0 (Windows NT 10.0; Win64; x64) AppleWebKit/537.36 (KHTML, like Gecko) Chrome/78.0.3904.108 Safari/537.36"
Jean - Red,https://www.glassesshop.com/eyeglasses/fp1717,$24.95,"https://glassesshop-res.cloudinary.com/w_800,h_400,c_pad/products/201805/5b03bc6e7b94e.jpg","Mozilla/5.0 (Windows NT 10.0; Win64; x64) AppleWebKit/537.36 (KHTML, like Gecko) Chrome/78.0.3904.108 Safari/537.36"
Plato - Bronze,https://www.glassesshop.com/eyeglasses/fm1184,$24.95,"https://glassesshop-res.cloudinary.com/w_800,h_400,c_pad/products/201804/5acd64c835129.jpg","Mozilla/5.0 (Windows NT 10.0; Win64; x64) AppleWebKit/537.36 (KHTML, like Gecko) Chrome/78.0.3904.108 Safari/537.36"
Jerry - Blue,https://www.glassesshop.com/eyeglasses/fp1595,$24.95,"https://glassesshop-res.cloudinary.com/w_800,h_400,c_pad/products/201805/5afb97530e13e.jpg","Mozilla/5.0 (Windows NT 10.0; Win64; x64) AppleWebKit/537.36 (KHTML, like Gecko) Chrome/78.0.3904.108 Safari/537.36"
Cooksville - Red,https://www.glassesshop.com/eyeglasses/fp1566,$24.95,"https://glassesshop-res.cloudinary.com/w_800,h_400,c_pad/products/201803/5ab495953edf7.jpg","Mozilla/5.0 (Windows NT 10.0; Win64; x64) AppleWebKit/537.36 (KHTML, like Gecko) Chrome/78.0.3904.108 Safari/537.36"
Thomasville - Blue,https://www.glassesshop.com/eyeglasses/fp1565,$24.95,"https://glassesshop-res.cloudinary.com/w_800,h_400,c_pad/products/201803/5ab49500a3081.jpg","Mozilla/5.0 (Windows NT 10.0; Win64; x64) AppleWebKit/537.36 (KHTML, like Gecko) Chrome/78.0.3904.108 Safari/537.36"
Zoe - Purple,https://www.glassesshop.com/eyeglasses/fp1457,$19.95,"https://glassesshop-res.cloudinary.com/w_800,h_400,c_pad/products/201711/59fd65025f7ef.jpg","Mozilla/5.0 (Windows NT 10.0; Win64; x64) AppleWebKit/537.36 (KHTML, like Gecko) Chrome/78.0.3904.108 Safari/537.36"
Zoe - Black/Purple,https://www.glassesshop.com/eyeglasses/fp1456,$19.95,"https://glassesshop-res.cloudinary.com/w_800,h_400,c_pad/products/201909/5d8d74c323898.jpg","Mozilla/5.0 (Windows NT 10.0; Win64; x64) AppleWebKit/537.36 (KHTML, like Gecko) Chrome/78.0.3904.108 Safari/537.36"
Mandy - Tortoise,https://www.glassesshop.com/eyeglasses/fz1089,$29.95,"https://glassesshop-res.cloudinary.com/w_800,h_400,c_pad/products/201710/59e01c51ef38a.jpg","Mozilla/5.0 (Windows NT 10.0; Win64; x64) AppleWebKit/537.36 (KHTML, like Gecko) Chrome/78.0.3904.108 Safari/537.36"
Mandy - Tortoise/Pink,https://www.glassesshop.com/eyeglasses/fz1087,$29.95,"https://glassesshop-res.cloudinary.com/w_800,h_400,c_pad/products/201710/59e01c443bff6.jpg","Mozilla/5.0 (Windows NT 10.0; Win64; x64) AppleWebKit/537.36 (KHTML, like Gecko) Chrome/78.0.3904.108 Safari/537.36"
Plymouth - Black/Yellow,https://www.glassesshop.com/eyeglasses/fp1400,"
                                        ","https://glassesshop-res.cloudinary.com/w_800,h_400,c_pad/products/201708/5984140f6714e.jpg","Mozilla/5.0 (Windows NT 10.0; Win64; x64) AppleWebKit/537.36 (KHTML, like Gecko) Chrome/78.0.3904.108 Safari/537.36"
Miami - Tortoise,https://www.glassesshop.com/eyeglasses/fz0981,$29.95,"https://glassesshop-res.cloudinary.com/w_800,h_400,c_pad/products/201704/58f85d7927324.jpg","Mozilla/5.0 (Windows NT 10.0; Win64; x64) AppleWebKit/537.36 (KHTML, like Gecko) Chrome/78.0.3904.108 Safari/537.36"
Wood - Black,https://www.glassesshop.com/eyeglasses/fp1280,$29.95,"https://glassesshop-res.cloudinary.com/w_800,h_400,c_pad/products/201701/587f15a445f13.jpg","Mozilla/5.0 (Windows NT 10.0; Win64; x64) AppleWebKit/537.36 (KHTML, like Gecko) Chrome/78.0.3904.108 Safari/537.36"
Land - Black,https://www.glassesshop.com/eyeglasses/fp1275,$19.95,"https://glassesshop-res.cloudinary.com/w_800,h_400,c_pad/products/201701/587f15a43bdb9.jpg","Mozilla/5.0 (Windows NT 10.0; Win64; x64) AppleWebKit/537.36 (KHTML, like Gecko) Chrome/78.0.3904.108 Safari/537.36"
Trenton - Brown,https://www.glassesshop.com/eyeglasses/fp1232,$19.95,"https://glassesshop-res.cloudinary.com/w_800,h_400,c_pad/products/201611/58252d0bc746b.jpg","Mozilla/5.0 (Windows NT 10.0; Win64; x64) AppleWebKit/537.36 (KHTML, like Gecko) Chrome/78.0.3904.108 Safari/537.36"
Hyannis - Black,https://www.glassesshop.com/eyeglasses/fp1110,$29.95,"https://glassesshop-res.cloudinary.com/w_800,h_400,c_pad/products/201708/5983fe65ed003.jpg","Mozilla/5.0 (Windows NT 10.0; Win64; x64) AppleWebKit/537.36 (KHTML, like Gecko) Chrome/78.0.3904.108 Safari/537.36"
Jersey - Blue,https://www.glassesshop.com/eyeglasses/fp1093,$19.95,"https://glassesshop-res.cloudinary.com/w_800,h_400,c_pad/products/201703/58dcf69ac876f.jpg","Mozilla/5.0 (Windows NT 10.0; Win64; x64) AppleWebKit/537.36 (KHTML, like Gecko) Chrome/78.0.3904.108 Safari/537.36"
Hoboken - Red,https://www.glassesshop.com/eyeglasses/fp1092,$19.95,"https://glassesshop-res.cloudinary.com/w_800,h_400,c_pad/products/201703/58c754be91668.jpg","Mozilla/5.0 (Windows NT 10.0; Win64; x64) AppleWebKit/537.36 (KHTML, like Gecko) Chrome/78.0.3904.108 Safari/537.36"
Steven - Black/Crystal,https://www.glassesshop.com/eyeglasses/fp0481,"
                                        ","https://glassesshop-res.cloudinary.com/w_800,h_400,c_pad/products/201811/5bff5b8d6a000.jpg","Mozilla/5.0 (Windows NT 10.0; Win64; x64) AppleWebKit/537.36 (KHTML, like Gecko) Chrome/78.0.3904.108 Safari/537.36"
Alieen - Black,https://www.glassesshop.com/eyeglasses/fz1388,"
                                        ","https://glassesshop-res.cloudinary.com/w_800,h_400,c_pad/products/201908/5d52830d30ae0.jpg","Mozilla/5.0 (Windows NT 10.0; Win64; x64) AppleWebKit/537.36 (KHTML, like Gecko) Chrome/78.0.3904.108 Safari/537.36"
Laurie - Red,https://www.glassesshop.com/eyeglasses/fz1385,$29.95,"https://glassesshop-res.cloudinary.com/w_800,h_400,c_pad/products/201908/5d4d19e695b74.jpg","Mozilla/5.0 (Windows NT 10.0; Win64; x64) AppleWebKit/537.36 (KHTML, like Gecko) Chrome/78.0.3904.108 Safari/537.36"
Blume - Black,https://www.glassesshop.com/eyeglasses/fz1376,$29.95,"https://glassesshop-res.cloudinary.com/w_800,h_400,c_pad/products/201908/5d538038705a1.jpg","Mozilla/5.0 (Windows NT 10.0; Win64; x64) AppleWebKit/537.36 (KHTML, like Gecko) Chrome/78.0.3904.108 Safari/537.36"
Milton - Tortoise,https://www.glassesshop.com/eyeglasses/fz1361,"
                                        ","https://glassesshop-res.cloudinary.com/w_800,h_400,c_pad/products/201907/5d1dad7e9531d.jpg","Mozilla/5.0 (Windows NT 10.0; Win64; x64) AppleWebKit/537.36 (KHTML, like Gecko) Chrome/78.0.3904.108 Safari/537.36"
Berenice - Black,https://www.glassesshop.com/eyeglasses/ft0308,$39.95,"https://glassesshop-res.cloudinary.com/w_800,h_400,c_pad/products/201906/5d0318966bf71.jpg","Mozilla/5.0 (Windows NT 10.0; Win64; x64) AppleWebKit/537.36 (KHTML, like Gecko) Chrome/78.0.3904.108 Safari/537.36"
Whittier - Black/Blue,https://www.glassesshop.com/eyeglasses/fz1313,$29.95,"https://glassesshop-res.cloudinary.com/w_800,h_400,c_pad/products/201906/5cf8ca4e9765e.jpg","Mozilla/5.0 (Windows NT 10.0; Win64; x64) AppleWebKit/537.36 (KHTML, like Gecko) Chrome/78.0.3904.108 Safari/537.36"
Fitchy - Mblack,https://www.glassesshop.com/eyeglasses/fp1885,$24.95,"https://glassesshop-res.cloudinary.com/w_800,h_400,c_pad/products/201905/5ce3acf59873c.jpg","Mozilla/5.0 (Windows NT 10.0; Win64; x64) AppleWebKit/537.36 (KHTML, like Gecko) Chrome/78.0.3904.108 Safari/537.36"
Morgan - Black/Pink,https://www.glassesshop.com/eyeglasses/sup0656,$29.95,"https://glassesshop-res.cloudinary.com/w_800,h_400,c_pad/products/201905/5ccf9668bc29a.jpg","Mozilla/5.0 (Windows NT 10.0; Win64; x64) AppleWebKit/537.36 (KHTML, like Gecko) Chrome/78.0.3904.108 Safari/537.36"
Mika - Multicolor,https://www.glassesshop.com/eyeglasses/sup0652,$29.95,"https://glassesshop-res.cloudinary.com/w_800,h_400,c_pad/products/201905/5ccf966899ddb.jpg","Mozilla/5.0 (Windows NT 10.0; Win64; x64) AppleWebKit/537.36 (KHTML, like Gecko) Chrome/78.0.3904.108 Safari/537.36"
Tate - Pink,https://www.glassesshop.com/eyeglasses/fp1855,"
                                        ","https://glassesshop-res.cloudinary.com/w_800,h_400,c_pad/products/201904/5cc2bffd51c66.jpg","Mozilla/5.0 (Windows NT 10.0; Win64; x64) AppleWebKit/537.36 (KHTML, like Gecko) Chrome/78.0.3904.108 Safari/537.36"
Stuart - Black,https://www.glassesshop.com/eyeglasses/fp1851,"
                                        ","https://glassesshop-res.cloudinary.com/w_800,h_400,c_pad/products/201904/5cc2bffd384af.jpg","Mozilla/5.0 (Windows NT 10.0; Win64; x64) AppleWebKit/537.36 (KHTML, like Gecko) Chrome/78.0.3904.108 Safari/537.36"
Stowe - Crystal/Golden,https://www.glassesshop.com/eyeglasses/fp1845,$24.95,"https://glassesshop-res.cloudinary.com/w_800,h_400,c_pad/products/201904/5cc2bffd1441e.jpg","Mozilla/5.0 (Windows NT 10.0; Win64; x64) AppleWebKit/537.36 (KHTML, like Gecko) Chrome/78.0.3904.108 Safari/537.36"
Sherwood - Gunmetal,https://www.glassesshop.com/eyeglasses/sm0885,$29.95,"https://glassesshop-res.cloudinary.com/w_800,h_400,c_pad/products/201905/5cdcb3e76ce02.jpg","Mozilla/5.0 (Windows NT 10.0; Win64; x64) AppleWebKit/537.36 (KHTML, like Gecko) Chrome/78.0.3904.108 Safari/537.36"
Spender - Crystal,https://www.glassesshop.com/eyeglasses/sup0632,$19.95,"https://glassesshop-res.cloudinary.com/w_800,h_400,c_pad/products/201904/5cc806c83858d.jpg","Mozilla/5.0 (Windows NT 10.0; Win64; x64) AppleWebKit/537.36 (KHTML, like Gecko) Chrome/78.0.3904.108 Safari/537.36"
Defender - Mblack/Pink,https://www.glassesshop.com/eyeglasses/fp1871,"
                                        ","https://glassesshop-res.cloudinary.com/w_800,h_400,c_pad/products/201904/5cc16d5585fad.jpg","Mozilla/5.0 (Windows NT 10.0; Win64; x64) AppleWebKit/537.36 (KHTML, like Gecko) Chrome/78.0.3904.108 Safari/537.36"
Arad - Mblack/Pink,https://www.glassesshop.com/eyeglasses/fp1864,$29.95,"https://glassesshop-res.cloudinary.com/w_800,h_400,c_pad/products/201904/5cc16d55620ea.jpg","Mozilla/5.0 (Windows NT 10.0; Win64; x64) AppleWebKit/537.36 (KHTML, like Gecko) Chrome/78.0.3904.108 Safari/537.36"
Latch - Mblack,https://www.glassesshop.com/eyeglasses/fp1861,"
                                        ","https://glassesshop-res.cloudinary.com/w_800,h_400,c_pad/products/201904/5cc16d555438b.jpg","Mozilla/5.0 (Windows NT 10.0; Win64; x64) AppleWebKit/537.36 (KHTML, like Gecko) Chrome/78.0.3904.108 Safari/537.36"
Averies - Pink,https://www.glassesshop.com/eyeglasses/fp1828,$19.95,"https://glassesshop-res.cloudinary.com/w_800,h_400,c_pad/products/201904/5cb69b42234af.jpg","Mozilla/5.0 (Windows NT 10.0; Win64; x64) AppleWebKit/537.36 (KHTML, like Gecko) Chrome/78.0.3904.108 Safari/537.36"
Corwins - Red,https://www.glassesshop.com/eyeglasses/fp1827,$19.95,"https://glassesshop-res.cloudinary.com/w_800,h_400,c_pad/products/201904/5cb69b421dbe0.jpg","Mozilla/5.0 (Windows NT 10.0; Win64; x64) AppleWebKit/537.36 (KHTML, like Gecko) Chrome/78.0.3904.108 Safari/537.36"
Rado Avaitor - Tortoise,https://www.glassesshop.com/eyeglasses/fp1824,$39.95,"https://glassesshop-res.cloudinary.com/w_800,h_400,c_pad/products/201906/5d01d7454d0f0.jpg","Mozilla/5.0 (Windows NT 10.0; Win64; x64) AppleWebKit/537.36 (KHTML, like Gecko) Chrome/78.0.3904.108 Safari/537.36"
Rado Avaitor - Black,https://www.glassesshop.com/eyeglasses/fp1822,"
                                        ","https://glassesshop-res.cloudinary.com/w_800,h_400,c_pad/products/201906/5d01d74545d98.jpg","Mozilla/5.0 (Windows NT 10.0; Win64; x64) AppleWebKit/537.36 (KHTML, like Gecko) Chrome/78.0.3904.108 Safari/537.36"
Moore - Black/Red,https://www.glassesshop.com/eyeglasses/fz1301,"
                                        ","https://glassesshop-res.cloudinary.com/w_800,h_400,c_pad/products/201904/5cb69b51406fd.jpg","Mozilla/5.0 (Windows NT 10.0; Win64; x64) AppleWebKit/537.36 (KHTML, like Gecko) Chrome/78.0.3904.108 Safari/537.36"
Moore - Burgundy,https://www.glassesshop.com/eyeglasses/fz1300,$29.95,"https://glassesshop-res.cloudinary.com/w_800,h_400,c_pad/products/201904/5cb69b513b29c.jpg","Mozilla/5.0 (Windows NT 10.0; Win64; x64) AppleWebKit/537.36 (KHTML, like Gecko) Chrome/78.0.3904.108 Safari/537.36"
Wilker - Black,https://www.glassesshop.com/eyeglasses/sup0622,$29.95,"https://glassesshop-res.cloudinary.com/w_800,h_400,c_pad/products/201904/5cb69b5e59b5c.jpg","Mozilla/5.0 (Windows NT 10.0; Win64; x64) AppleWebKit/537.36 (KHTML, like Gecko) Chrome/78.0.3904.108 Safari/537.36"
Buttler - Gray,https://www.glassesshop.com/eyeglasses/fp1843,$19.95,"https://glassesshop-res.cloudinary.com/w_800,h_400,c_pad/products/201904/5cb69b51374f0.jpg","Mozilla/5.0 (Windows NT 10.0; Win64; x64) AppleWebKit/537.36 (KHTML, like Gecko) Chrome/78.0.3904.108 Safari/537.36"
Buttler - Tortoise,https://www.glassesshop.com/eyeglasses/fp1842,$19.95,"https://glassesshop-res.cloudinary.com/w_800,h_400,c_pad/products/201904/5cb69b513279a.jpg","Mozilla/5.0 (Windows NT 10.0; Win64; x64) AppleWebKit/537.36 (KHTML, like Gecko) Chrome/78.0.3904.108 Safari/537.36"
Niagara - Mblack,https://www.glassesshop.com/eyeglasses/fp1813,$39.95,"https://glassesshop-res.cloudinary.com/w_800,h_400,c_pad/products/201903/5c99cd695a05d.jpg","Mozilla/5.0 (Windows NT 10.0; Win64; x64) AppleWebKit/537.36 (KHTML, like Gecko) Chrome/78.0.3904.108 Safari/537.36"
Gloversville - Red,https://www.glassesshop.com/eyeglasses/fp1810,$19.95,"https://glassesshop-res.cloudinary.com/w_800,h_400,c_pad/products/201903/5c99cd4254304.jpg","Mozilla/5.0 (Windows NT 10.0; Win64; x64) AppleWebKit/537.36 (KHTML, like Gecko) Chrome/78.0.3904.108 Safari/537.36"
Hempstead - Blue,https://www.glassesshop.com/eyeglasses/fp1808,$19.95,"https://glassesshop-res.cloudinary.com/w_800,h_400,c_pad/products/201903/5c99cd424e89d.jpg","Mozilla/5.0 (Windows NT 10.0; Win64; x64) AppleWebKit/537.36 (KHTML, like Gecko) Chrome/78.0.3904.108 Safari/537.36"
Watertown - Blue,https://www.glassesshop.com/eyeglasses/fp1806,$19.95,"https://glassesshop-res.cloudinary.com/w_800,h_400,c_pad/products/201903/5c99cd4249635.jpg","Mozilla/5.0 (Windows NT 10.0; Win64; x64) AppleWebKit/537.36 (KHTML, like Gecko) Chrome/78.0.3904.108 Safari/537.36"
Watertown - Brown,https://www.glassesshop.com/eyeglasses/fp1804,$19.95,"https://glassesshop-res.cloudinary.com/w_800,h_400,c_pad/products/201903/5c99cd4244575.jpg","Mozilla/5.0 (Windows NT 10.0; Win64; x64) AppleWebKit/537.36 (KHTML, like Gecko) Chrome/78.0.3904.108 Safari/537.36"
Syracuse - Blue,https://www.glassesshop.com/eyeglasses/fp1795,$19.95,"https://glassesshop-res.cloudinary.com/w_800,h_400,c_pad/products/201903/5c99cd4238b37.jpg","Mozilla/5.0 (Windows NT 10.0; Win64; x64) AppleWebKit/537.36 (KHTML, like Gecko) Chrome/78.0.3904.108 Safari/537.36"
Syracuse - Red,https://www.glassesshop.com/eyeglasses/fp1794,$19.95,"https://glassesshop-res.cloudinary.com/w_800,h_400,c_pad/products/201903/5c99cd42365e6.jpg","Mozilla/5.0 (Windows NT 10.0; Win64; x64) AppleWebKit/537.36 (KHTML, like Gecko) Chrome/78.0.3904.108 Safari/537.36"
Syracuse - Brown,https://www.glassesshop.com/eyeglasses/fp1793,$19.95,"https://glassesshop-res.cloudinary.com/w_800,h_400,c_pad/products/201903/5c99cd4233d01.jpg","Mozilla/5.0 (Windows NT 10.0; Win64; x64) AppleWebKit/537.36 (KHTML, like Gecko) Chrome/78.0.3904.108 Safari/537.36"
Oswego - Black/Golden,https://www.glassesshop.com/eyeglasses/fm1375,$29.95,"https://glassesshop-res.cloudinary.com/w_800,h_400,c_pad/products/201903/5c99cd422ec6d.jpg","Mozilla/5.0 (Windows NT 10.0; Win64; x64) AppleWebKit/537.36 (KHTML, like Gecko) Chrome/78.0.3904.108 Safari/537.36"
Oswego - Rose Gold,https://www.glassesshop.com/eyeglasses/fm1373,"
                                        ","https://glassesshop-res.cloudinary.com/w_800,h_400,c_pad/products/201903/5c99cd282e2c8.jpg","Mozilla/5.0 (Windows NT 10.0; Win64; x64) AppleWebKit/537.36 (KHTML, like Gecko) Chrome/78.0.3904.108 Safari/537.36"
Atlantic - Silver,https://www.glassesshop.com/eyeglasses/fm1366,$24.95,"https://glassesshop-res.cloudinary.com/w_800,h_400,c_pad/products/201903/5c99cd281a701.jpg","Mozilla/5.0 (Windows NT 10.0; Win64; x64) AppleWebKit/537.36 (KHTML, like Gecko) Chrome/78.0.3904.108 Safari/537.36"
Tupelo - Gunmetal,https://www.glassesshop.com/eyeglasses/fm1360,$29.95,"https://glassesshop-res.cloudinary.com/w_800,h_400,c_pad/products/201903/5c99cd2807ef9.jpg","Mozilla/5.0 (Windows NT 10.0; Win64; x64) AppleWebKit/537.36 (KHTML, like Gecko) Chrome/78.0.3904.108 Safari/537.36"
Ingersoll - Black/Golden,https://www.glassesshop.com/eyeglasses/ft0281,"
                                        ","https://glassesshop-res.cloudinary.com/w_800,h_400,c_pad/products/201901/5c4fb59a29990.jpg","Mozilla/5.0 (Windows NT 10.0; Win64; x64) AppleWebKit/537.36 (KHTML, like Gecko) Chrome/78.0.3904.108 Safari/537.36"
Hutt - Black,https://www.glassesshop.com/eyeglasses/sup0596,"
                                        ","https://glassesshop-res.cloudinary.com/w_800,h_400,c_pad/products/201901/5c3403883d768.jpg","Mozilla/5.0 (Windows NT 10.0; Win64; x64) AppleWebKit/537.36 (KHTML, like Gecko) Chrome/78.0.3904.108 Safari/537.36"
Hughes - Purple/Golden,https://www.glassesshop.com/eyeglasses/ft0278,$44.95,"https://glassesshop-res.cloudinary.com/w_800,h_400,c_pad/products/201901/5c34038810a7e.jpg","Mozilla/5.0 (Windows NT 10.0; Win64; x64) AppleWebKit/537.36 (KHTML, like Gecko) Chrome/78.0.3904.108 Safari/537.36"
Hubbard - Purple,https://www.glassesshop.com/eyeglasses/fp1781,$19.95,"https://glassesshop-res.cloudinary.com/w_800,h_400,c_pad/products/201812/5c244586d7042.jpg","Mozilla/5.0 (Windows NT 10.0; Win64; x64) AppleWebKit/537.36 (KHTML, like Gecko) Chrome/78.0.3904.108 Safari/537.36"
Hoyle - Green,https://www.glassesshop.com/eyeglasses/sm0873,$19.95,"https://glassesshop-res.cloudinary.com/w_800,h_400,c_pad/products/201812/5c2436850b4ce.jpg","Mozilla/5.0 (Windows NT 10.0; Win64; x64) AppleWebKit/537.36 (KHTML, like Gecko) Chrome/78.0.3904.108 Safari/537.36"
Hodgson - Tortoise,https://www.glassesshop.com/eyeglasses/fz1283,"
                                        ","https://glassesshop-res.cloudinary.com/w_800,h_400,c_pad/products/201812/5c2436747fca4.jpg","Mozilla/5.0 (Windows NT 10.0; Win64; x64) AppleWebKit/537.36 (KHTML, like Gecko) Chrome/78.0.3904.108 Safari/537.36"
Hawthorn - Blue,https://www.glassesshop.com/eyeglasses/fm1351,"
                                        ","https://glassesshop-res.cloudinary.com/w_800,h_400,c_pad/products/201812/5c24367445780.jpg","Mozilla/5.0 (Windows NT 10.0; Win64; x64) AppleWebKit/537.36 (KHTML, like Gecko) Chrome/78.0.3904.108 Safari/537.36"
Hawthorn - Black,https://www.glassesshop.com/eyeglasses/fm1349,$29.95,"https://glassesshop-res.cloudinary.com/w_800,h_400,c_pad/products/201812/5c2436744043a.jpg","Mozilla/5.0 (Windows NT 10.0; Win64; x64) AppleWebKit/537.36 (KHTML, like Gecko) Chrome/78.0.3904.108 Safari/537.36"
Goose - Purple/Silver,https://www.glassesshop.com/eyeglasses/fm1330,$29.95,"https://glassesshop-res.cloudinary.com/w_800,h_400,c_pad/products/201811/5bf5215ef272a.jpg","Mozilla/5.0 (Windows NT 10.0; Win64; x64) AppleWebKit/537.36 (KHTML, like Gecko) Chrome/78.0.3904.108 Safari/537.36"
Giles - Red,https://www.glassesshop.com/eyeglasses/sup0561,$29.95,"https://glassesshop-res.cloudinary.com/w_800,h_400,c_pad/products/201811/5be91fb051c78.jpg","Mozilla/5.0 (Windows NT 10.0; Win64; x64) AppleWebKit/537.36 (KHTML, like Gecko) Chrome/78.0.3904.108 Safari/537.36"
Finn - Black,https://www.glassesshop.com/eyeglasses/fz1280,$29.95,"https://glassesshop-res.cloudinary.com/w_800,h_400,c_pad/products/201811/5be91fb00b4b8.jpg","Mozilla/5.0 (Windows NT 10.0; Win64; x64) AppleWebKit/537.36 (KHTML, like Gecko) Chrome/78.0.3904.108 Safari/537.36"
Evelyn - Blue/Red,https://www.glassesshop.com/eyeglasses/fz1266,$29.95,"https://glassesshop-res.cloudinary.com/w_800,h_400,c_pad/products/201810/5bbc508525a92.jpg","Mozilla/5.0 (Windows NT 10.0; Win64; x64) AppleWebKit/537.36 (KHTML, like Gecko) Chrome/78.0.3904.108 Safari/537.36"
Evelyn - Black,https://www.glassesshop.com/eyeglasses/fz1265,$29.95,"https://glassesshop-res.cloudinary.com/w_800,h_400,c_pad/products/201810/5bbc5085221a1.jpg","Mozilla/5.0 (Windows NT 10.0; Win64; x64) AppleWebKit/537.36 (KHTML, like Gecko) Chrome/78.0.3904.108 Safari/537.36"
Evangeline - Tortoise,https://www.glassesshop.com/eyeglasses/fz1264,$29.95,"https://glassesshop-res.cloudinary.com/w_800,h_400,c_pad/products/201810/5bbc50851e668.jpg","Mozilla/5.0 (Windows NT 10.0; Win64; x64) AppleWebKit/537.36 (KHTML, like Gecko) Chrome/78.0.3904.108 Safari/537.36"
Dinah - Black,https://www.glassesshop.com/eyeglasses/fz1255,$29.95,"https://glassesshop-res.cloudinary.com/w_800,h_400,c_pad/products/201810/5bbc4f1b20b27.jpg","Mozilla/5.0 (Windows NT 10.0; Win64; x64) AppleWebKit/537.36 (KHTML, like Gecko) Chrome/78.0.3904.108 Safari/537.36"
Uriah - Black,https://www.glassesshop.com/eyeglasses/fm1306,"
                                        ","https://glassesshop-res.cloudinary.com/w_800,h_400,c_pad/products/201810/5bbc4ef63570b.jpg","Mozilla/5.0 (Windows NT 10.0; Win64; x64) AppleWebKit/537.36 (KHTML, like Gecko) Chrome/78.0.3904.108 Safari/537.36"
Vivian - Black,https://www.glassesshop.com/eyeglasses/fz1249,$29.95,"https://glassesshop-res.cloudinary.com/w_800,h_400,c_pad/products/201810/5bbc4f0f32bee.jpg","Mozilla/5.0 (Windows NT 10.0; Win64; x64) AppleWebKit/537.36 (KHTML, like Gecko) Chrome/78.0.3904.108 Safari/537.36"
Beulah - Purple,https://www.glassesshop.com/eyeglasses/fz1248,$29.95,"https://glassesshop-res.cloudinary.com/w_800,h_400,c_pad/products/201910/5daeb8c27e48e.jpg","Mozilla/5.0 (Windows NT 10.0; Win64; x64) AppleWebKit/537.36 (KHTML, like Gecko) Chrome/78.0.3904.108 Safari/537.36"
Beulah - Black,https://www.glassesshop.com/eyeglasses/fz1245,"
                                        ","https://glassesshop-res.cloudinary.com/w_800,h_400,c_pad/products/201910/5daeb8aaa34ed.jpg","Mozilla/5.0 (Windows NT 10.0; Win64; x64) AppleWebKit/537.36 (KHTML, like Gecko) Chrome/78.0.3904.108 Safari/537.36"
Nathan - Burgundy,https://www.glassesshop.com/eyeglasses/fp1760,"
                                        ","https://glassesshop-res.cloudinary.com/w_800,h_400,c_pad/products/201807/5b5fdc3c66281.jpg","Mozilla/5.0 (Windows NT 10.0; Win64; x64) AppleWebKit/537.36 (KHTML, like Gecko) Chrome/78.0.3904.108 Safari/537.36"
Nathan - Black,https://www.glassesshop.com/eyeglasses/fp1758,$29.95,"https://glassesshop-res.cloudinary.com/w_800,h_400,c_pad/products/201807/5b5fdc2d6f460.jpg","Mozilla/5.0 (Windows NT 10.0; Win64; x64) AppleWebKit/537.36 (KHTML, like Gecko) Chrome/78.0.3904.108 Safari/537.36"
Nat - Blue,https://www.glassesshop.com/eyeglasses/fp1756,"
                                        ","https://glassesshop-res.cloudinary.com/w_800,h_400,c_pad/products/201807/5b5fdc1dd3790.jpg","Mozilla/5.0 (Windows NT 10.0; Win64; x64) AppleWebKit/537.36 (KHTML, like Gecko) Chrome/78.0.3904.108 Safari/537.36"
Nat - Black,https://www.glassesshop.com/eyeglasses/fp1755,$19.95,"https://glassesshop-res.cloudinary.com/w_800,h_400,c_pad/products/201807/5b5fdc1527869.jpg","Mozilla/5.0 (Windows NT 10.0; Win64; x64) AppleWebKit/537.36 (KHTML, like Gecko) Chrome/78.0.3904.108 Safari/537.36"
Myron - Green/Black,https://www.glassesshop.com/eyeglasses/fp1754,"
                                        ","https://glassesshop-res.cloudinary.com/w_800,h_400,c_pad/products/201807/5b5fdc0dc1b98.jpg","Mozilla/5.0 (Windows NT 10.0; Win64; x64) AppleWebKit/537.36 (KHTML, like Gecko) Chrome/78.0.3904.108 Safari/537.36"
Sid - Gunmetal,https://www.glassesshop.com/eyeglasses/sup0509,$34.95,"https://glassesshop-res.cloudinary.com/w_800,h_400,c_pad/products/201807/5b4db90b0447d.jpg","Mozilla/5.0 (Windows NT 10.0; Win64; x64) AppleWebKit/537.36 (KHTML, like Gecko) Chrome/78.0.3904.108 Safari/537.36"
Rupert - Gunmetal,https://www.glassesshop.com/eyeglasses/sm0853,$39.95,"https://glassesshop-res.cloudinary.com/w_800,h_400,c_pad/products/201807/5b4eeb6190433.jpg","Mozilla/5.0 (Windows NT 10.0; Win64; x64) AppleWebKit/537.36 (KHTML, like Gecko) Chrome/78.0.3904.108 Safari/537.36"
Roy - Black,https://www.glassesshop.com/eyeglasses/fz1204,$34.95,"https://glassesshop-res.cloudinary.com/w_800,h_400,c_pad/products/201807/5b4db873a3c0e.jpg","Mozilla/5.0 (Windows NT 10.0; Win64; x64) AppleWebKit/537.36 (KHTML, like Gecko) Chrome/78.0.3904.108 Safari/537.36"
Oswald - Mblack,https://www.glassesshop.com/eyeglasses/fp1741,$19.95,"https://glassesshop-res.cloudinary.com/w_800,h_400,c_pad/products/201807/5b4c4e2ea05f7.jpg","Mozilla/5.0 (Windows NT 10.0; Win64; x64) AppleWebKit/537.36 (KHTML, like Gecko) Chrome/78.0.3904.108 Safari/537.36"
Oswald - Crystal,https://www.glassesshop.com/eyeglasses/fp1737,$19.95,"https://glassesshop-res.cloudinary.com/w_800,h_400,c_pad/products/201807/5b4c4e0eb20e4.jpg","Mozilla/5.0 (Windows NT 10.0; Win64; x64) AppleWebKit/537.36 (KHTML, like Gecko) Chrome/78.0.3904.108 Safari/537.36"
Osmond - Black,https://www.glassesshop.com/eyeglasses/fp1734,$19.95,"https://glassesshop-res.cloudinary.com/w_800,h_400,c_pad/products/201807/5b4c4df75efc3.jpg","Mozilla/5.0 (Windows NT 10.0; Win64; x64) AppleWebKit/537.36 (KHTML, like Gecko) Chrome/78.0.3904.108 Safari/537.36"
Olga - Tortoise,https://www.glassesshop.com/eyeglasses/fp1721,$34.95,"https://glassesshop-res.cloudinary.com/w_800,h_400,c_pad/products/201807/5b3dcfc46c1e7.jpg","Mozilla/5.0 (Windows NT 10.0; Win64; x64) AppleWebKit/537.36 (KHTML, like Gecko) Chrome/78.0.3904.108 Safari/537.36"
Olga - Black,https://www.glassesshop.com/eyeglasses/fp1720,$34.95,"https://glassesshop-res.cloudinary.com/w_800,h_400,c_pad/products/201807/5b3dcfbc52782.jpg","Mozilla/5.0 (Windows NT 10.0; Win64; x64) AppleWebKit/537.36 (KHTML, like Gecko) Chrome/78.0.3904.108 Safari/537.36"
Earl - Black/Crystal,https://www.glassesshop.com/eyeglasses/fp1662,$19.95,"https://glassesshop-res.cloudinary.com/w_800,h_400,c_pad/products/201806/5b10dff1e3d4d.jpg","Mozilla/5.0 (Windows NT 10.0; Win64; x64) AppleWebKit/537.36 (KHTML, like Gecko) Chrome/78.0.3904.108 Safari/537.36"
Earl - Brown,https://www.glassesshop.com/eyeglasses/fp1663,$19.95,"https://glassesshop-res.cloudinary.com/w_800,h_400,c_pad/products/201806/5b10dff95b48f.jpg","Mozilla/5.0 (Windows NT 10.0; Win64; x64) AppleWebKit/537.36 (KHTML, like Gecko) Chrome/78.0.3904.108 Safari/537.36"
Edwiin - Black,https://www.glassesshop.com/eyeglasses/fp1665,$19.95,"https://glassesshop-res.cloudinary.com/w_800,h_400,c_pad/products/201806/5b10e008e975d.jpg","Mozilla/5.0 (Windows NT 10.0; Win64; x64) AppleWebKit/537.36 (KHTML, like Gecko) Chrome/78.0.3904.108 Safari/537.36"
Edwiin - Blue/Crystal,https://www.glassesshop.com/eyeglasses/fp1666,$19.95,"https://glassesshop-res.cloudinary.com/w_800,h_400,c_pad/products/201806/5b10e01166a9d.jpg","Mozilla/5.0 (Windows NT 10.0; Win64; x64) AppleWebKit/537.36 (KHTML, like Gecko) Chrome/78.0.3904.108 Safari/537.36"
Defoe - Black,https://www.glassesshop.com/eyeglasses/fp1668,$19.95,"https://glassesshop-res.cloudinary.com/w_800,h_400,c_pad/products/201806/5b10e0b0b7f96.jpg","Mozilla/5.0 (Windows NT 10.0; Win64; x64) AppleWebKit/537.36 (KHTML, like Gecko) Chrome/78.0.3904.108 Safari/537.36"
Dillon - Gray,https://www.glassesshop.com/eyeglasses/fp1675,$24.95,"https://glassesshop-res.cloudinary.com/w_800,h_400,c_pad/products/201806/5b10e0e979ef0.jpg","Mozilla/5.0 (Windows NT 10.0; Win64; x64) AppleWebKit/537.36 (KHTML, like Gecko) Chrome/78.0.3904.108 Safari/537.36"
Enoch - Black/White,https://www.glassesshop.com/eyeglasses/fz1160,$29.95,"https://glassesshop-res.cloudinary.com/w_800,h_400,c_pad/products/201805/5b0fae35b001b.jpg","Mozilla/5.0 (Windows NT 10.0; Win64; x64) AppleWebKit/537.36 (KHTML, like Gecko) Chrome/78.0.3904.108 Safari/537.36"
Lexingto - Clear Pattern,https://www.glassesshop.com/eyeglasses/fp1694,$19.95,"https://glassesshop-res.cloudinary.com/w_800,h_400,c_pad/products/201805/5b03be967b506.jpg","Mozilla/5.0 (Windows NT 10.0; Win64; x64) AppleWebKit/537.36 (KHTML, like Gecko) Chrome/78.0.3904.108 Safari/537.36"
Novia - Tortoise/Yellow,https://www.glassesshop.com/eyeglasses/fp1699,$12.95,"https://glassesshop-res.cloudinary.com/w_800,h_400,c_pad/products/201805/5b03bbbbf1499.jpg","Mozilla/5.0 (Windows NT 10.0; Win64; x64) AppleWebKit/537.36 (KHTML, like Gecko) Chrome/78.0.3904.108 Safari/537.36"
Angel  Wayframe - Black,https://www.glassesshop.com/eyeglasses/fp1646,$19.95,"https://glassesshop-res.cloudinary.com/w_800,h_400,c_pad/products/201805/5afe7ea43b647.jpg","Mozilla/5.0 (Windows NT 10.0; Win64; x64) AppleWebKit/537.36 (KHTML, like Gecko) Chrome/78.0.3904.108 Safari/537.36"
Mason - Black,https://www.glassesshop.com/eyeglasses/fp1639,$29.95,"https://glassesshop-res.cloudinary.com/w_800,h_400,c_pad/products/201805/5afe7e64195f1.jpg","Mozilla/5.0 (Windows NT 10.0; Win64; x64) AppleWebKit/537.36 (KHTML, like Gecko) Chrome/78.0.3904.108 Safari/537.36"
Plato - Gunmetal,https://www.glassesshop.com/eyeglasses/fm1178,$19.95,"https://glassesshop-res.cloudinary.com/w_800,h_400,c_pad/products/201804/5acd64955af9c.jpg","Mozilla/5.0 (Windows NT 10.0; Win64; x64) AppleWebKit/537.36 (KHTML, like Gecko) Chrome/78.0.3904.108 Safari/537.36"
Jerry - Gray,https://www.glassesshop.com/eyeglasses/fp1593,$24.95,"https://glassesshop-res.cloudinary.com/w_800,h_400,c_pad/products/201805/5afb961147318.jpg","Mozilla/5.0 (Windows NT 10.0; Win64; x64) AppleWebKit/537.36 (KHTML, like Gecko) Chrome/78.0.3904.108 Safari/537.36"
Thomasville - Crystal,https://www.glassesshop.com/eyeglasses/fp1563,$24.95,"https://glassesshop-res.cloudinary.com/w_800,h_400,c_pad/products/201803/5ab494f1c1911.jpg","Mozilla/5.0 (Windows NT 10.0; Win64; x64) AppleWebKit/537.36 (KHTML, like Gecko) Chrome/78.0.3904.108 Safari/537.36"
Adam - Black,https://www.glassesshop.com/eyeglasses/fp1543,$24.95,"https://glassesshop-res.cloudinary.com/w_800,h_400,c_pad/products/201801/5a65815f91df3.jpg","Mozilla/5.0 (Windows NT 10.0; Win64; x64) AppleWebKit/537.36 (KHTML, like Gecko) Chrome/78.0.3904.108 Safari/537.36"
Bruno - Black,https://www.glassesshop.com/eyeglasses/fp1508,"
                                        ","https://glassesshop-res.cloudinary.com/w_800,h_400,c_pad/products/201807/5b3b102ed9395.jpg","Mozilla/5.0 (Windows NT 10.0; Win64; x64) AppleWebKit/537.36 (KHTML, like Gecko) Chrome/78.0.3904.108 Safari/537.36"
Joyce - Red,https://www.glassesshop.com/eyeglasses/fp1503,$12.95,"https://glassesshop-res.cloudinary.com/w_800,h_400,c_pad/products/201712/5a2f93664b4ed.jpg","Mozilla/5.0 (Windows NT 10.0; Win64; x64) AppleWebKit/537.36 (KHTML, like Gecko) Chrome/78.0.3904.108 Safari/537.36"
Astrid - Red,https://www.glassesshop.com/eyeglasses/fp1502,$19.95,"https://glassesshop-res.cloudinary.com/w_800,h_400,c_pad/products/201911/5dc4c1328544a.jpg","Mozilla/5.0 (Windows NT 10.0; Win64; x64) AppleWebKit/537.36 (KHTML, like Gecko) Chrome/78.0.3904.108 Safari/537.36"
Norwalk - Gray,https://www.glassesshop.com/eyeglasses/fp1444,$19.95,"https://glassesshop-res.cloudinary.com/w_800,h_400,c_pad/products/201804/5ae43ded23161.jpg","Mozilla/5.0 (Windows NT 10.0; Win64; x64) AppleWebKit/537.36 (KHTML, like Gecko) Chrome/78.0.3904.108 Safari/537.36"
Valentina - Red,https://www.glassesshop.com/eyeglasses/fp1454,$12.95,"https://glassesshop-res.cloudinary.com/w_800,h_400,c_pad/products/201908/5d4d18cc108de.jpg","Mozilla/5.0 (Windows NT 10.0; Win64; x64) AppleWebKit/537.36 (KHTML, like Gecko) Chrome/78.0.3904.108 Safari/537.36"
Prince - Black,https://www.glassesshop.com/eyeglasses/fp1439,$19.95,"https://glassesshop-res.cloudinary.com/w_800,h_400,c_pad/products/201711/59fd6474ba4d4.jpg","Mozilla/5.0 (Windows NT 10.0; Win64; x64) AppleWebKit/537.36 (KHTML, like Gecko) Chrome/78.0.3904.108 Safari/537.36"
Prince - Black/Red,https://www.glassesshop.com/eyeglasses/fp1437,$19.95,"https://glassesshop-res.cloudinary.com/w_800,h_400,c_pad/products/201711/59fd64661a767.jpg","Mozilla/5.0 (Windows NT 10.0; Win64; x64) AppleWebKit/537.36 (KHTML, like Gecko) Chrome/78.0.3904.108 Safari/537.36"
Kelowna - Black,https://www.glassesshop.com/eyeglasses/fp1411,"
                                        ","https://glassesshop-res.cloudinary.com/w_800,h_400,c_pad/products/201710/59e4598958f4c.jpg","Mozilla/5.0 (Windows NT 10.0; Win64; x64) AppleWebKit/537.36 (KHTML, like Gecko) Chrome/78.0.3904.108 Safari/537.36"
Laura - Tortoise,https://www.glassesshop.com/eyeglasses/fz1098,$29.95,"https://glassesshop-res.cloudinary.com/w_800,h_400,c_pad/products/201710/59e01c91dd8f1.jpg","Mozilla/5.0 (Windows NT 10.0; Win64; x64) AppleWebKit/537.36 (KHTML, like Gecko) Chrome/78.0.3904.108 Safari/537.36"
Mandy - Black,https://www.glassesshop.com/eyeglasses/fz1090,$29.95,"https://glassesshop-res.cloudinary.com/w_800,h_400,c_pad/products/201710/59e01c58d5a53.jpg","Mozilla/5.0 (Windows NT 10.0; Win64; x64) AppleWebKit/537.36 (KHTML, like Gecko) Chrome/78.0.3904.108 Safari/537.36"
Douglas - Tortoise,https://www.glassesshop.com/eyeglasses/fp1383,$24.95,"https://glassesshop-res.cloudinary.com/w_800,h_400,c_pad/products/201708/5991584378e62.jpg","Mozilla/5.0 (Windows NT 10.0; Win64; x64) AppleWebKit/537.36 (KHTML, like Gecko) Chrome/78.0.3904.108 Safari/537.36"
Iowa - Black,https://www.glassesshop.com/eyeglasses/fz1016,"
                                        ","https://glassesshop-res.cloudinary.com/w_800,h_400,c_pad/products/201707/595c86434f34a.jpg","Mozilla/5.0 (Windows NT 10.0; Win64; x64) AppleWebKit/537.36 (KHTML, like Gecko) Chrome/78.0.3904.108 Safari/537.36"
Evansville - Tortoise,https://www.glassesshop.com/eyeglasses/fp1362,$19.95,"https://glassesshop-res.cloudinary.com/w_800,h_400,c_pad/products/201903/5c8721b66cc5a.jpg","Mozilla/5.0 (Windows NT 10.0; Win64; x64) AppleWebKit/537.36 (KHTML, like Gecko) Chrome/78.0.3904.108 Safari/537.36"
West - Black,https://www.glassesshop.com/eyeglasses/fp1326,$19.95,"https://glassesshop-res.cloudinary.com/w_800,h_400,c_pad/products/201705/5912aaac54269.jpg","Mozilla/5.0 (Windows NT 10.0; Win64; x64) AppleWebKit/537.36 (KHTML, like Gecko) Chrome/78.0.3904.108 Safari/537.36"
Jefferson - Tortoise,https://www.glassesshop.com/eyeglasses/fz0890,$29.95,"https://glassesshop-res.cloudinary.com/w_800,h_400,c_pad/products/201804/5adab16a79e0c.jpg","Mozilla/5.0 (Windows NT 10.0; Win64; x64) AppleWebKit/537.36 (KHTML, like Gecko) Chrome/78.0.3904.108 Safari/537.36"
Jefferson - Black,https://www.glassesshop.com/eyeglasses/fz0889,"
                                        ","https://glassesshop-res.cloudinary.com/w_800,h_400,c_pad/products/201804/5adab16262899.jpg","Mozilla/5.0 (Windows NT 10.0; Win64; x64) AppleWebKit/537.36 (KHTML, like Gecko) Chrome/78.0.3904.108 Safari/537.36"
Darlene - Purple,https://www.glassesshop.com/eyeglasses/fp1181,$19.95,"https://glassesshop-res.cloudinary.com/w_800,h_400,c_pad/products/201909/5d8d74bc8acb9.jpg","Mozilla/5.0 (Windows NT 10.0; Win64; x64) AppleWebKit/537.36 (KHTML, like Gecko) Chrome/78.0.3904.108 Safari/537.36"
Coolidge - Black,https://www.glassesshop.com/eyeglasses/fp1168,$29.95,"https://glassesshop-res.cloudinary.com/w_800,h_400,c_pad/products/201702/58ae78f252584.jpg","Mozilla/5.0 (Windows NT 10.0; Win64; x64) AppleWebKit/537.36 (KHTML, like Gecko) Chrome/78.0.3904.108 Safari/537.36"
Paine clip-on - Purple,https://www.glassesshop.com/eyeglasses/fp1134,"
                                        ","https://glassesshop-res.cloudinary.com/w_800,h_400,c_pad/products/201604/57917ebf91814.jpg","Mozilla/5.0 (Windows NT 10.0; Win64; x64) AppleWebKit/537.36 (KHTML, like Gecko) Chrome/78.0.3904.108 Safari/537.36"
Paine clip-on - Black,https://www.glassesshop.com/eyeglasses/fp1133,"
                                        ","https://glassesshop-res.cloudinary.com/w_800,h_400,c_pad/products/201604/57917ec0a009f.jpg","Mozilla/5.0 (Windows NT 10.0; Win64; x64) AppleWebKit/537.36 (KHTML, like Gecko) Chrome/78.0.3904.108 Safari/537.36"
Hyannis - Brown,https://www.glassesshop.com/eyeglasses/fp1113,$29.95,"https://glassesshop-res.cloudinary.com/w_800,h_400,c_pad/products/201708/5983fe799661a.jpg","Mozilla/5.0 (Windows NT 10.0; Win64; x64) AppleWebKit/537.36 (KHTML, like Gecko) Chrome/78.0.3904.108 Safari/537.36"
Hyannis - Blue,https://www.glassesshop.com/eyeglasses/fp1111,$29.95,"https://glassesshop-res.cloudinary.com/w_800,h_400,c_pad/products/201708/5983fe6c817c5.jpg","Mozilla/5.0 (Windows NT 10.0; Win64; x64) AppleWebKit/537.36 (KHTML, like Gecko) Chrome/78.0.3904.108 Safari/537.36"
Jersey - Red,https://www.glassesshop.com/eyeglasses/fp1094,$19.95,"https://glassesshop-res.cloudinary.com/w_800,h_400,c_pad/products/201703/58c754bfb14d5.jpg","Mozilla/5.0 (Windows NT 10.0; Win64; x64) AppleWebKit/537.36 (KHTML, like Gecko) Chrome/78.0.3904.108 Safari/537.36"
Lina - Blue,https://www.glassesshop.com/eyeglasses/fp1063,$29.95,"https://glassesshop-res.cloudinary.com/w_800,h_400,c_pad/products/201703/58c905888dd69.jpg","Mozilla/5.0 (Windows NT 10.0; Win64; x64) AppleWebKit/537.36 (KHTML, like Gecko) Chrome/78.0.3904.108 Safari/537.36"
Lina - Green,https://www.glassesshop.com/eyeglasses/fp1062,$29.95,"https://glassesshop-res.cloudinary.com/w_800,h_400,c_pad/products/201703/58bcc705861f8.jpg","Mozilla/5.0 (Windows NT 10.0; Win64; x64) AppleWebKit/537.36 (KHTML, like Gecko) Chrome/78.0.3904.108 Safari/537.36"
Horace - Black,https://www.glassesshop.com/eyeglasses/fz0781,$29.95,"https://glassesshop-res.cloudinary.com/w_800,h_400,c_pad/products/201811/5bff5bf26bea7.jpg","Mozilla/5.0 (Windows NT 10.0; Win64; x64) AppleWebKit/537.36 (KHTML, like Gecko) Chrome/78.0.3904.108 Safari/537.36"
BowlingGreen - Black,https://www.glassesshop.com/eyeglasses/fp0917,$29.95,"https://glassesshop-res.cloudinary.com/w_800,h_400,c_pad/products/201709/59c9aad199397.jpg","Mozilla/5.0 (Windows NT 10.0; Win64; x64) AppleWebKit/537.36 (KHTML, like Gecko) Chrome/78.0.3904.108 Safari/537.36"
